,energy,loudness,acousticness,sections,duration_s
energy,1.0,0.7726281467232854,-0.7150879117474159,-0.040233036315236004,0.011830086047896047
loudness,0.7726281467232854,1.0,-0.566547994005124,-0.08006471083560929,-0.049889510092827896
acousticness,-0.7150879117474159,-0.566547994005124,1.0,-0.016823785916691487,-0.07027123401659006
sections,-0.040233036315236004,-0.08006471083560929,-0.016823785916691487,1.0,0.8889524737027936
duration_s,0.011830086047896047,-0.049889510092827896,-0.07027123401659006,0.8889524737027936,1.0
